{
  "DAB": {
    "median": -67.38023376464844,
    "iqr": 6.421962738037109
  },
  "TETRA": {
    "median": -65.37779235839844,
    "iqr": 4.125997543334961
  },
  "DVBT": {
    "median": -62.922508239746094,
    "iqr": 11.36886215209961
  },
  "FM": {
    "median": -54.18219757080078,
    "iqr": 16.41996192932129
  },
  "LTE": {
    "median": -48.87890625,
    "iqr": 18.279212951660156
  },
  "GSM": {
    "median": -63.289730072021484,
    "iqr": 13.664956092834473
  }
}